,平台,作者,级别,发布链接
61,环球视点网,马松涛,地市级,http://www.hqsdw.com/?list_73/2701.html=
1,人民视点,马松涛,中央级,http://www.rmkbw.cn/?wenlv/9105.html=
6,中国企业经济网,安琼,中央级,http://innfinance.cn/baa6/a5571068767.html
48,广东新闻网,安琼,省部级,http://csxxb.cn/e9c/OTEzNzQxNDc=.html
60,民生中国周刊,马松涛,地市级,https://mszgzk.com/?list_25/4700.html=
46,广东之窗,安琼,省部级,http://gyjinri.cn/0409c/0c820305370.html
117,中国基层网,王亚坤,中央级,http://www.chinajiceng.com.cn/news/2024-03-16/242469.html
122,中国信息报道,王亚坤,中央级,http://xinxibd.tsxxg.cn/62961/aa561238000.html
124,中国聚焦网,王亚坤,中央级,http://jujiaow.hebdushi.cn/56794/91561237990.html
153,广东资讯网,欧阳琳,省部级,http://syjinri.cn/529/MTEyNDcwNzY4.html
155,广东新闻网,欧阳琳,省部级,http://csxxb.cn/e9c/MTEyNDcwNzc3.html
52,齐鲁网,邓讷,省部级,http://news.iqilu.com/china/gedi/2024/0206/5597916.shtml
94,中青网,丁高洁,中央级,https://df.youth.cn/dfzl/202403/t20240327_15158868.htm
53,云南网,邓讷,省部级,http://culture.yunnan.cn/system/2024/02/06/032937150.shtml
164,海南都市日报,邓讷,省部级,http://hndsrb.cn/5f3/NzU5MTA1OTY=.html
168,海南海口网,邓讷,省部级,http://hainanhk.cn/9da02/39f63258790.html
172,海南新闻网,邓讷,省部级,http://binhaics.cn/450/NzU5MTA1MjQ=.html
177,椰城椰城 ,,省部级,通行效率提高5成！海口这个匝道通车→ (qq.com)
179,北青网,,省部级,海口滨海立交改造工程项目开放通车 (baidu.com)
178,云南网,,省部级,https://m.yunnan.cn/system/2024/04/01/032995615.shtml
70,闪电新闻,丁高洁、沈芳霞,地市级,https://sdxw.iqilu.com/share/YS0yMS0xNTM2MzcyOA==.html
93,新华网,蓝一新,中央级,http://gd.news.cn/20240327/ed471cd1c4b547cb85f0f8e7e34d5f99/c.html
100,中华网,"李东波
安琼",中央级,https://m.tech.china.com/redian/2024/0316/032024_1492905.html
76,海口市人民政府,邓讷,地市级,https://www.haikou.gov.cn/zfdt/mtkhk/202402/t1342804.shtml
91,中青网,丁高洁,中央级,https://s.cyol.com/articles/2024-03/26/content_VY57Jjsl.html?gid=PDEAGwD9
40,南方都市报（视频）,马松涛,省部级,https://haokan.baidu.com/v?pd=wisenatural&vid=11147054058307575750
65,广州日报,马松涛,地市级,https://huacheng.gz-cmc.com/pages/2024/02/01/cd8007d558a74625ae570edb756df238.html
3,人民日报,丁高洁、沈芳霞,中央级,https://wap.peopleapp.com/article/7333916/7169725
81,海口市人民政府,邓讷,地市级,https://www.haikou.gov.cn/zfdt/mrtt/202402/t1343528.shtml
30,中国经济网,陈志诚,中央级,http://city.ce.cn/news/202402/20/t20240220_7378937.shtml
7,中新网,邓讷,中央级,http://www.hi.chinanews.com.cn/hnnew/2024-01-22/697581.html
99,人民日报客户端,"李东波
安琼",中央级,https://wap.peopleapp.com/article/rmh40309177/rmh40309177
27,中新网,邓讷,中央级,http://www.hi.chinanews.com.cn/hnnew/2024-02-15/698790.html
42,南方工报,乔健,省部级,http://www.nfgb.com.cn/zg/content/post_1228207.html
12,中新网,邓讷,中央级,https://www.chinanews.com/cj/2024/02-06/10160171.shtml
98,新华网,沈芳霞,中央级,http://gd.news.cn/20240404/b68e54ff77d74e4fb1e8dbb481e9e17b/c.html
13,中国网,邓讷,中央级,http://travel.china.com.cn/txt/2024-02/06/content_116989454.shtml
26,央广网,邓讷,中央级,https://travel.cnr.cn/dsywzl/20240208/t20240208_526589405.shtml
14,中国服务贸易指南网,邓讷,中央级,http://tradeinservices.mofcom.gov.cn/article/yanjiu/hangyezk/202402/161165.html
16,中国发展网,邓讷,中央级,http://cn.chinagate.cn/news/2024-02/06/content_116989260.shtml
97,人民日报,沈芳霞,中央级,https://wap.peopleapp.com/article/7386540/7219198
34,新快报,丁高洁、沈芳霞,省部级,https://www.xkb.com.cn/articleDetail/287144
38,南方工报,乔健,省部级,http://wap.nfgb.com.cn/html5/2024-02/05/node_1.htm?v=1&curr=2
39,搜狐网,马松涛,省部级,https://news.sohu.com/a/755788111_121117451
43,搜狐网,丁高洁、沈芳霞,省部级,https://www.sohu.com/a/756512727_257321
50,云南网,邓讷,省部级,http://society.yunnan.cn/system/2024/01/30/032928510.shtml
64,广州南沙发布,马松涛,地市级,https://weibo.com/3186551407/NEzQlCkLD
67,i南沙-广州市南沙区融媒体中心（视频）,马松涛,地市级,https://www.douyin.com/video/7330556063298751785
44,腾讯网,丁高洁、沈芳霞,省部级,https://new.qq.com/rain/a/20240208A071U900
51,北青网,邓讷,省部级,http://finance.ynet.com/2024/02/06/3726915t632.html
54,湖北日报,邓讷,省部级,http://news.cnhubei.com/content/2024-02/06/content_17385647.html
57,花城FM,宁海林,地市级,https://load.gztv.com/detail/hcfmarticle/1398390034874624.html
24,中证网,邓讷,中央级,https://cs.com.cn/xwzx/msxf/202402/t20240206_6389401.html
20,新华网,邓讷,中央级,http://www.news.cn/fortune/20240206/52233d533e1648e0bc1c404726e273b6/c.html
21,中国政府网,邓讷,中央级,https://www.gov.cn/lianbo/difang/202402/content_6930518.htm
29,人民日报,王吉,中央级,https://wap.peopleapp.com/article/7340938/7176309
22,海外网,邓讷,中央级,http://news.haiwainet.cn/n/2024/0206/c3541093-32714139.html
23,中评网,邓讷,中央级,http://bj.crntt.com/doc/1068/7/7/7/106877720.html?coluid=7&kindid=0&docid=106877720&mdate=0206105236
68,网易号,马松涛,地市级,https://www.163.com/dy/article/IPT5LO9G05149R5K.html?spss=dy_author
223,海西晨报,王亚坤、陈展红,省部级,file:///D:/360MoveData/Users/风清扬/Documents/WeChat Files/wxid_a5gxaxx192tk22/FileStorage/Temp/1e6b74e4b6a9cd3f82fe64a5ee694c7.png
219,福建都市网,王亚坤、蓝伟冰,省部级,http://fujian365.cn/68fb7/8f4499533528.html
217,福建都市网,王亚坤,省部级,http://fujian365.cn/68fb7/8f4499106224.html
213,福建都市网,王亚坤,省部级,http://fujian365.cn/68fb7/8f4497980760.html
233,上海新闻网,赵琥珀,省部级,http://cndashanghai.cn/b09/MTIxMjEwOTU=.html
212,福建企业网,王亚坤,省部级,http://fj.jkwindows.cn/e10b/b8b85733172.html
101,中国产业新闻网,"李东波
安琼",中央级,https://www.zgshwz.com.cn/html/2024/qiyekuaixun_0316/7074.html
103,人民日报客户端,安琼,中央级,https://wap.peopleapp.com/article/rmh40467450/rmh40467450
104,中华网,安琼,中央级,https://m.tech.china.com/redian/2024/0328/032024_1498850.html
105,中国产业新闻网,安琼,中央级,https://www.zgshwz.com.cn/html/2024/huizhan_0328/7548.html
107,中华网,欧阳琳,中央级,https://m.tech.china.com/redian/2024/0328/032024_1499078.html
108,中国产业新闻网,欧阳琳,中央级,https://www.zgshwz.com.cn/html/2024/yaowen_0328/7560.html
109,人民日报,"刁琢
安琼",中央级,https://wap.peopleapp.com/article/7397587/7229744
121,中国财经在线,王亚坤,中央级,http://zgfinance.top/a3326/ba561237970.html
112,新华网,杨德晨、张美怡,中央级,http://gd.news.cn/20240316/95c740af7fd04d109d0f36fd030b76f2/c.html
273,厦门广播电台,王亚坤、陈展红,地市级,file:///D:/360MoveData/Users/风清扬/Documents/WeChat Files/wxid_a5gxaxx192tk22/FileStorage/Temp/2f2739689fb5478ce0055b8dfab49ad.png
275,厦门广电,王亚坤、陈展红,地市级,file:///D:/360MoveData/Users/风清扬/Documents/WeChat Files/wxid_a5gxaxx192tk22/FileStorage/Temp/0ee6f8bd3b3bddf2c9a573411295a0d.png
276,业翔民安,王亚坤、陈展红,地市级,file:///D:/360MoveData/Users/风清扬/Documents/WeChat Files/wxid_a5gxaxx192tk22/FileStorage/Temp/9bc8241b3c5902ace46d1ac62480738.png
113,新华网,张美怡,中央级,http://gd.news.cn/20240408/57f36163f94641c589f4c20c49732157/c.html
200,广东都市网,龙冬、张美怡,省部级,http://www.gddushi.com.cn/a/guona/20240415/77741.html
191,广东都市网,董良好、张美怡,省部级,http://www.gddushi.com.cn/a/guona/20240415/77740.html
115,中工网,董良好、张美怡,中央级,https://www.workercn.cn/c/2024-04-16/8222784.shtml
118,中华网,王亚坤,中央级,https://m.tech.china.com/redian/2024/0317/032024_1493077.html
120,中国快讯,王亚坤,中央级,http://wwv.nobelinformation.com/shehui/1847.html
125,中国产业新闻网,王亚坤,中央级,https://www.zgshwz.com.cn/html/2024/chanye_0316/7078.html
126,人民日报客户端,王亚坤、蓝伟冰,中央级,https://wap.peopleapp.com/article/rmh40439580/rmh40439580
129,中国新闻网,王亚坤、陈展红,中央级,http://www.fj.chinanews.com.cn/news/2024/2024-03-30/545129.html
130,人民日报客户端,王亚坤、陈展红,中央级,https://wap.peopleapp.com/article/rmh40488925/rmh40488925
305,中青网,丁高洁,中央级,https://df.youth.cn/dfzl/202403/t20240307_15118499.htm
132,中华网,赵琥珀,中央级,https://m.tech.china.com/redian/2024/0312/032024_1490924.html
135,鲁网,马松涛,省部级,https://news.sdnews.com.cn/yaowen/202403/t20240316_4364563.htm
136,新快报,丁高洁,省部级,https://www.xkb.com.cn/articleDetail/298019
138,新快报,蓝一新,省部级,https://www.xkb.com.cn/articleDetail/298449
140,东方财富网,沈芳霞,省部级,https://finance.eastmoney.com/a/202403313030388380.html
143,北青网,沈芳霞,省部级,https://www.msn.cn/zh-cn/news/other/%E4%B8%AD%E5%9B%BD%E4%BA%BA%E5%B7%A5%E6%99%BA%E8%83%BD-%E5%B9%BF%E5%B7%9E-%E4%BA%A7%E4%B8%9A%E5%9B%AD%E9%A1%B9%E7%9B%AE%E5%9F%BA%E5%9D%91%E5%85%A8%E9%9D%A2%E5%BC%80%E6%8C%96/ar-BB1kVpdh
336,中国青年网转载,崔国玉,中央级,https://df.youth.cn/dfzl/202403/t20240306_15115737.htm
144,新报网,"李东波
安琼",省部级,http://xinbaomu.com/info/67669.shtml
145,搜狐网,"李东波
安琼",省部级,https://www.sohu.com/a/764609342_121174097?scm=1019.20001.0.0.0&spm=smpc.csrpage.news-list.1.1710566066620txDa2jx
341,中国青年网转载,宋耀明,中央级,https://df.youth.cn/dfzl/202403/t20240307_15117480.htm
350,中国青年网转载,"安琼
宋耀明",中央级,https://df.youth.cn/dfzl/202403/t20240312_15128808.htm
158,网易,"刁琢
安琼",省部级,https://www.163.com/dy/article/IVR3DGQ30530QRMB.html
160,海南资讯网,邓讷,省部级,http://hn.cnhuaibei.cn/c711b/69063258850.html
161,海南视窗,邓讷,省部级,http://hainan.huaxiaxun.cn/98670/1413101214152.html
162,海南品牌网,邓讷,省部级,http://hn.cnqyj.com.cn/017c/0bc88562376.html
165,海南经济网,邓讷,省部级,http://hnjingji.eastzixun.cn/a0ff/73cf50607060.html
170,海南热线,邓讷,省部级,http://hainan.fa115.cn/7751/1b788562292.html
171,魅力海南,邓讷,省部级,http://meili.dhnnews.cn/7b0/NzU5MTA1MzA=.html
173,海南之窗,邓讷,省部级,http://window.dhnnews.cn/6d5d5/66563258765.html
340,人民日报客户端,宋耀明,中央级,https://wap.peopleapp.com/article/rmh40181342/rmh40181342
381,人民日报,王亚坤,中央级,https://wap.peopleapp.com/article/rmh39940281/rmh39940281
392,中国青年网,文承聪,中央级,https://df.youth.cn/dfzl/202403/t20240307_15117542.htm
349,人民日报客户端,"安琼
宋耀明",中央级,https://wap.peopleapp.com/article/rmh40237361/rmh40237361
317,人民日报客户端,崔国玉,中央级,https://wap.peopleapp.com/article/rmh40052606/rmh40052606
325,人民日报客户端,"宋耀明
安琼",中央级,https://wap.peopleapp.com/article/rmh40049367/rmh40049367
418,广东新闻网,崔国玉,省部级,http://csxxb.cn/e9c/OTM0MzcxNzI=.html
419,广东新闻网,"宋耀明
安琼",省部级,http://csxxb.cn/e9c/OTM0MzcxOTk=.html
371,中华建设网,王吉,中央级,https://www.zhjsw.cn/news/show-48499.html
335,人民日报客户端,崔国玉,中央级,https://wap.peopleapp.com/article/rmh40168177/rmh40168177
413,网易,"宋耀明
安琼",省部级,https://www.163.com/dy/article/INIKV8AV0514ETGI.html
225,网易首页,王亚坤、陈展红,省部级,https://www.163.com/dy/article/IUS3MUQ405565EU3.html
395,人民日报,文承聪,中央级,https://wap.peopleapp.com/article/rmh40179659/rmh40179659
182,腾讯网,杨德晨、张美怡,省部级,https://new.qq.com/rain/a/20240317A05Y2U00
460,海南新闻网,邓讷、徐波,省部级,http://binhaics.cn/450/NjMzNjUyNjI=.html
469,海南新闻网,朱莹、邓讷,省部级,http://binhaics.cn/450/NjM2NDI3NzQ=.html
187,南方工报,杨德晨、张美怡,省部级,http://wap.nfgb.com.cn/html5/2024-03/19/content_15_24161.htm?curr=
477,海南新闻网,朱莹、邓讷,省部级,http://binhaics.cn/450/NzI3MTczODQ=.html
472,海南都市,朱莹、邓讷,省部级,http://hainan.mlzgb.cn/563b3/53321214264.html
490,网易网,王吉,省部级,https://www.163.com/dy/article/IS14PF740530QRMB.html
188,南方工报,张美怡,省部级,http://wap.nfgb.com.cn/html5/2024-04/01/content_14_24470.htm?curr=
190,今日头条,张美怡,省部级,https://www.toutiao.com/article/7355376165609292339/?wid=1713316884822
497,海西晨报,王亚坤,省部级,file:///D:/360MoveData/Users/风清扬/Documents/WeChat Files/wxid_a5gxaxx192tk22/FileStorage/Temp/ff91711349d5075b130d6a64c3a4f53.jpg
498,福建企业网,王亚坤,省部级,http://fj.jkwindows.cn/e10b/b8b74015298.html
499,福建都市网,王亚坤,省部级,http://fujian365.cn/68fb7/8f4484588920.html
192,广东网,董良好、张美怡,省部级,http://www.gd.hebgdhht.com/article/4vjk9dn.html
503,网易,陈志诚,省部级,https://www.163.com/dy/article/IRA84N3Q0514R9NP.html
427,腾讯网,蔡茂哲,省部级,https://new.qq.com/rain/a/20240305V02DUZ00
208,腾讯网,张美怡,省部级,https://new.qq.com/rain/a/20240416A00ACK00
505,腾讯网,陈志诚,省部级,https://new.qq.com/rain/a/20240219A05FDX00
504,腾讯网,陈志诚,省部级,https://new.qq.com/rain/a/20240218A03JMI00
246,腾讯新闻,沈芳霞,地市级,https://new.qq.com/rain/a/20240330A03YJ700
193,广东热线,董良好、张美怡,省部级,http://www.gd.hcpit.org/news/6058y9n.html
194,广东商业网,董良好、张美怡,省部级,http://www.gd.guishangwang.cn/news/zdnrpv3.html
195,广东文化网,董良好、张美怡,省部级,http://www.gd.tv56.com.cn/content/n2yo86k.html
196,广东信息网,董良好、张美怡,省部级,http://www.gd.0391xxw.cn/html/22j93yy.html
197,广州资讯网,董良好、张美怡,省部级,http://gz.cns-photo.com/item-r904vgz.html
199,广东青年网,董良好、张美怡,省部级,http://www.gdqnw.cn/news/2203.html
201,广东网,龙冬、张美怡,省部级,http://www.gd.hebgdhht.com/article/qw3kd8d.html
202,广东热线,龙冬、张美怡,省部级,http://www.gd.hcpit.org/news/vpn8q5k.html
203,广东文化网,龙冬、张美怡,省部级,http://www.gd.tv56.com.cn/content/g236wok.html
454,云南网,邓讷,省部级,https://society.yunnan.cn/system/2024/02/28/032958008.shtml
204,广东信息网,龙冬、张美怡,省部级,http://www.gd.0391xxw.cn/html/p2nkomg.html
205,广东商业网,龙冬、张美怡,省部级,http://www.gd.guishangwang.cn/news/8gjnp9n.html
207,广东青年网,龙冬、张美怡,省部级,http://www.gdqnw.cn/news/2204.html
221,台海网,王亚坤、陈展红,省部级,http://epaper.taihainet.com/html/20240401/hxdb740921.html
227,东南网,王亚坤、陈展红,省部级,https://xm.fjsen.com/2024-04/01/content_31550632.htm
228,台海网,王亚坤、陈展红,省部级,https://www.taihainet.com/news/xmnews/gqbd/2024-04-01/2764683.html
218,今日头条,王亚坤、蓝伟冰,省部级,https://www.toutiao.com/article/7350850849662353971/
214,东南网,王亚坤,省部级,https://xm.fjsen.com/2024-03/17/content_31540356.htm
211,今日头条,王亚坤,省部级,https://www.toutiao.com/article/7347214188369936937/
248,潇湘晨报,沈芳霞,地市级,https://www.msn.cn/zh-cn/news/other/%E9%A9%B6%E5%85%A5%E5%BF%AB%E8%BD%A6%E9%81%93-%E4%B8%AD%E5%9B%BD%E4%BA%BA%E5%B7%A5%E6%99%BA%E8%83%BD-%E5%B9%BF%E5%B7%9E-%E4%BA%A7%E4%B8%9A%E5%9B%AD%E5%85%A8%E9%9D%A2%E8%BF%9B%E5%85%A5%E5%9F%BA%E5%9D%91%E5%BC%80%E6%8C%96%E9%98%B6%E6%AE%B5/ar-BB1kMzwC
251,信息时报,马松涛,地市级,https://www.xxsb.com/content/2024-04/02/content_227942.html
562,厦门综合广播,王亚坤,地市级,
563,思明快报,王亚坤,地市级,
570,网易,陈志诚,地市级,https://www.163.com/dy/article/IRARI6PM053469LG.html
260,广州黄埔区官网（到黄埔去）,,地市级,https://daohuangpuqu.gz-cmc.com/pages/2024/03/28/4859342f197e46019939b8be1da2bcfa.html
263,金羊网,杨德晨、张美怡,地市级,https://news.ycwb.com/2024-03/17/content_52564044.htm
267,广州企业网,董良好、张美怡,地市级,http://www.gz.hcpit.org/news/33pk0my.html
268,广州企业网,龙冬、张美怡,地市级,http://www.gz.hcpit.org/news/bo4r9zg.html
269,广州资讯网,龙冬、张美怡,地市级,http://gz.cns-photo.com/item-y5kjvwj.html
270,厦门日报,王亚坤,地市级,https://epaper.xmrb.com/xmrb/pad/con/202403/17/content_18686.html
579,中国青年网,丁高洁,中央级,https://df.youth.cn/dfzl/202401/t20240129_15050545.htm
422,南方工报,"宋耀明
安琼",省部级,http://epaper.grzx.com.cn/html/2024-03/01/content_13_23773.htm
421,南方工报,"宋耀明
安琼",省部级,http://wap.nfgb.com.cn/html5/2024-03/01/node_1.htm?curr=3
607,CCTV-1,陈志诚,中央级,
617,网易网,姚瑞哲,省部级,https://www.163.com/dy/article/INCOE0TG0530X1OV.html
611,中国网,陈志诚,中央级,http://life.china.com.cn/gonggao/zixun/detail2_2024_01/20/4293853.html
621,百度亮亮新世界,姚瑞哲,省部级,T1、T2成功“牵手”！广州白云机场成世界最大单体航站楼 (baidu.com)
623,网易网,丁高洁,省部级,https://www.163.com/dy/article/INFVVK8F05566CMH.html
624,广东消委会,姚瑞哲,省部级,合体！全球最大！广州白云机场宣布 (qq.com)
628,网易网,丁高洁,省部级,融企联谊促交流，这场以球会友的篮球赛白云开打|华南|广东|广州|珠海|联谊_手机网易网 (163.com)
629,新快网,丁高洁,省部级,融企联谊促交流，这场以球会友的篮球赛白云开打__新快网 (xkb.com.cn)
633,网易,"宋耀明
安琼",省部级,https://www.163.com/dy/article/INC316L80535HX8T.html
638,广东新闻网,安琼,省部级,http://csxxb.cn/e9c/ODkxMTY0NDM=.html
300,新华社,马松涛,中央级,https://h.xinhuaxmt.com/vh512/share/11912814?isview=1&homeshow=1&newstype=1001
654,腾讯新闻,王亚坤,省部级,https://new.qq.com/rain/a/20230108A075V800
304,中青网,马松涛,中央级,https://t.m.youth.cn/transfer/index/url/df.youth.cn/dfzl/202403/t20240304_15111912.htm
677,网易,陈志诚,省部级,https://www.163.com/dy/article/IOPBCTQ50550HO04.html
664,腾讯网,陈志诚,省部级,https://new.qq.com/rain/a/20240102A02M6V00
685,网易,陈志诚,省部级,https://www.163.com/dy/article/IOQS03JG05539N2F.html
673,腾讯网,陈志诚,省部级,https://new.qq.com/rain/a/20240118A0527U00
694,中国广州政府,姚瑞哲,地市级,白云机场东四西四指廊投运 - 广州市人民政府门户网站 (gz.gov.cn)
486,新华报业江南时报网,王吉,省部级,http://www.jntimes.cn/xxzx/202402/t20240228_8219101.shtml
686,海西晨报,陈志诚,省部级,https://new.qq.com/rain/a/20240119A01G3O00
702,物流新闻,姚瑞哲,地市级,广州白云机场东四西四指廊投运 - 物流指闻 (headscm.com)
322,今日头条,崔国玉,中央级,https://www.toutiao.com/article/7339747446098362890/
517,佛山+,丁高洁,地市级,https://content.foshanplus.com/newsDetails.html?newsId=847303&memberId=244930&utm_source=fsios&utm_medium=news&utm_campaign=context&utm_term=847303&utm_belong1=244930
516,佛山+,丁高洁,地市级,https://content.foshanplus.com/newsDetails.html?newsId=847065&memberId=170348&utm_source=fsios&utm_medium=news&utm_campaign=context&utm_term=847065&utm_belong1=170348
616,金羊网,姚瑞哲,省部级,https://news.ycwb.com/2024-01/01/content_52419195.htm
560,金羊网,杨德晨、张美怡,地市级,https://news.ycwb.com/2024-03/17/content_52564044.htm
582,人民日报客户端,安琼,中央级,https://wap.peopleapp.com/article/rmh39596024/rmh39596024
330,今日头条,"宋耀明
安琼",中央级,https://www.toutiao.com/article/7339460754024022567/
650,东方今报网,王吉,省部级,http://www.jinbw.com.cn/a/20240131/n_1706678456329246.html
484,今报网,王吉,省部级,http://www.jinbw.com.cn/a/20240220/n_1708397533330138.html
488,今报网,王吉,省部级,http://www.jinbw.com.cn/a/20240228/n_1709090030330828.html
492,今报网,王吉,省部级,http://www.jinbw.com.cn/a/20240301/n_1709260603331114.html
648,今报网,吕昊临,省部级,http://www.jinbw.com.cn/a/20240116/n_1705396050327785.html
778,中国基层网,朱莹、邓讷,中央级,http://www.chinajiceng.com.cn/news/2024-11-29/266776.html
365,中国网,王吉,中央级,https://fj.china.com.cn/Home/Index/article_show/id/48383.html
549,深圳南山网,崔国玉,地市级,https://inanshan.sznews.com/content/2024-03/08/content_30790971.htm
816,环球网咨询,程景伟 覃春晖 陈艳丽,省部级,https://www.163.com/dy/article/JKCD7SJ00514R9OJ.html
818,观点新媒体,程景伟 覃春晖 陈艳丽,省部级,https://news.qq.com/rain/a/20241226A09TGW00?suid=&media_id=
817,腾讯,程景伟 覃春晖 陈艳丽,省部级,https://news.qq.com/rain/a/20241226A0ADY100
383,中国快讯,王亚坤,中央级,http://www.ertw.com.cn/a/xinwen/toutiao/2674.html
374,中国宏观经济网,王吉,中央级,https://www.zhonghongwang.com/show-140-318579-1.html
377,中国宏观经济网,王吉,中央级,https://www.zhonghongwang.com/show-140-318855-1.html
384,中国财经在线,王亚坤,中央级,http://cn.cyceo.cn/a951/893341120776.html
485,大众网,王吉,省部级,http://www.dzwww.com/xinwen/jishixinwen/202402/t20240220_13692834.htm
493,大众网,王吉,省部级,http://www.dzwww.com/xinwen/jishixinwen/202403/t20240301_13749537.htm
387,今日头条,王亚坤,中央级,https://www.toutiao.com/article/7343920551917929011/
651,大众网,王吉,省部级,http://www.dzwww.com/xinwen/jishixinwen/202401/t20240131_13603468.htm
645,大众网,吕昊临,省部级,http://www.dzwww.com/xinwen/jishixinwen/202401/t20240116_13522193.htm
489,大众网,王吉,省部级,http://www.dzwww.com/xinwen/jishixinwen/202402/t20240228_13737855.htm
653,新华报业网,王吉,省部级,https://www.xhby.net/content/s65bb0ef5e4b00bc445154319.html
852,网易,吕昊临,省部级,https://www.163.com/dy/article/JJKC4JUG05565EU3.html
693,深圳新闻,姚瑞哲,地市级,https://www.sznews.com/news/content/2024-01/01/content_30677877.htm
391,中国经济网,陈志诚,中央级,http://city.ce.cn/news/202402/20/t20240220_7378937.shtml
863,广东头条网,蔡雯静,省部级,http://gdtt.csxxb.cn/dce37/b0e28606120.html
864,广东资讯网,蔡雯静,省部级,http://syjinri.cn/529/MTI4NzI3NTQ5.html
865,广东都市,蔡雯静,省部级,http://lzdushi.cn/604/ODU4MTgzNzI=.html
866,广东新闻网,蔡雯静,省部级,http://csxxb.cn/e9c/MTI4NzI3NTY3.html
869,广东资讯网,蔡雯静,省部级,http://syjinri.cn/529/MTQ5NzUzNjAx.html
868,广东头条网,蔡雯静,省部级,http://gdtt.csxxb.cn/dce37/b0e33278576.html
870,广东新闻网,蔡雯静,省部级,http://csxxb.cn/e9c/MTQ5NzUzNjEw.html
394,今日头条,文承聪,中央级,https://www.toutiao.com/article/7342752596987544098/?upstream_biz=toutiao_pc&wxshare_count=2&source=m_redirect
536,睿思网,马松涛,地市级,http://app.myzaker.com/news/article.php?pk=65f2cc7a8e9f095c1e571e7b
795,中国经济智库,朱莹、邓讷,中央级,https://zixun.jingjizk.net/374195.html
726,海博TV,陈志诚,地市级,https://www.fjtv.net/haibo4/folder335/2024-01-18/5580475.html?_t=1705569177#&_hgOutLink=news/NewsDetail&id=5580475
891,网易网,刘芳,省部级,https://www.163.com/dy/article/JKBIE4CT0514FBRT.html
892,海西晨报,王亚坤,省部级,file:///D:/360MoveData/Users/风清扬/Documents/WeChat Files/wxid_a5gxaxx192tk22/FileStorage/Temp/4964933a9ef76b22293f8b6ce64089f.png
899,腾讯网,文承聪,省部级,https://news.qq.com/rain/a/20241116A02X7900
508,大众网,文承聪,省部级,https://t.m.youth.cn/transfer/index/url/df.youth.cn/dfzl/202403/t20240307_15117542.htm
906,腾讯网,文承聪,省部级,https://news.qq.com/rain/a/20241122A016G200
907,福建卫视新闻,文承聪,省部级,https://www.fjtv.net/yw/2024-11-21/6284427.html
910,腾讯网,文承聪,省部级,https://news.qq.com/rain/a/20241126A02K5K00
792,中国经济报道,朱莹、邓讷,中央级,https://industry.cnews.org.cn/411380.html
916,腾讯网,文承聪,省部级,https://news.qq.com/rain/a/20241212A02US800
917,腾讯网,文承聪,省部级,https://news.qq.com/rain/a/20241208A03SRR00
923,广州日报,姚瑞哲、崔国玉,地市级,https://news.qq.com/rain/a/20241129A08E1I00
922,羊城派,姚瑞哲、崔国玉,地市级,https://news.qq.com/rain/a/20241129A09LX800
925,羊城派,姚瑞哲、崔国玉,地市级,https://news.qq.com/rain/a/20241212A0A2WQ00
949,观点新媒体,姚瑞哲、崔国玉,地市级,https://news.qq.com/rain/a/20241203A0517Y00
679,中青在线,陈志诚,省部级,https://news.cyol.com/gb/articles/2024-01/19/content_77xnmNueEN.html
969,I听厦门,王亚坤,地市级,file:///D:/360MoveData/Users/风清扬/Documents/WeChat Files/wxid_a5gxaxx192tk22/FileStorage/Temp/b8e28b387f6f9eb96e623f8fb636442.png
567,厦门晚报,陈志诚,地市级,https://epaper.xmrb.com/xmwb/pc/con/202402/19/content_15524.html
569,潮前智媒,陈志诚,地市级,https://epaper.xmrb.com/xmwb/pad/con/202402/19/content_15524.html
581,中国日报网,安琼,中央级,https://cn.chinadaily.com.cn/a/202401/18/WS65a8f0e6a310af3247ffc7d1.html
598,未来网,吕昊临,中央级,https://news.k618.cn/finance/money/202401/t20240116_19745525.html
600,中国日报网,吕昊临,中央级,https://cn.chinadaily.com.cn/a/202401/17/WS65a7546fa310af3247ffc3f8.html
602,央视新闻客户端,陈志诚,中央级,https://content-static.cctvnews.cctv.com/snow-book/index.html?item_id=1160280716229272059&toc_style_id=feeds_default&track_id=78D56CD1-FD90-4004-917E-DA68C76ADE29_727249925604&share_to=wechat
605,央视CCTV-4,陈志诚,中央级,https://content-static.cctvnews.cctv.com/snow-book/video.html?item_id=2668707541655569190&t=1705585376723&toc_style_id=video_default&share_to=wechat&track_id=01ec6c90-1d1c-4b0f-acbd-6c66fad3dbed
1017,中航工业,王亚坤,行业,file:///D:/360MoveData/Users/风清扬/Documents/WeChat Files/wxid_a5gxaxx192tk22/FileStorage/Temp/8e04fc46bc2eb96d23d00c83d80e027.png
614,中国科技网,陈志诚,中央级,http://www.stdaily.com/index/kejixinwen/202401/6ca8d3db1d5b471caebd6bc69aab7e4b.shtml
615,东方网,丁高洁、姚瑞哲,省部级 ,https://qiye.chinadaily.com.cn/a/202401/31/WS65b9c6f6a31026469ab16e97.html
669,新福建,陈志诚,省部级,https://www.fjdaily.com/app/content/2024-01/07/content_2281832.html
668,潇湘晨报,陈志诚,省部级,https://www.msn.cn/zh-cn/news/other/%E6%96%B0%E5%B9%B4%E7%AC%AC%E4%B8%80%E5%8D%87-%E7%BF%94%E5%AE%89%E6%9C%BA%E5%9C%BA%E8%88%AA%E7%AB%99%E6%A5%BC%E4%B8%BB%E4%BD%93%E5%B7%A5%E7%A8%8B%E5%BB%BA%E8%AE%BE%E8%BF%9B%E5%BA%A6%E6%8F%90%E5%89%8D/ar-AA1mkYhw
675,新浪网,陈志诚,省部级,https://news.sina.com.cn/c/2024-01-18/doc-inacxshx5356375.shtml
678,当代先锋网,陈志诚,省部级,http://www.ddcpc.cn/znlv3/202401/t20240119_6514065.shtml
689,潇湘晨报,陈志诚,省部级,https://www.msn.cn/zh-cn/news/other/%E8%88%AA%E7%AB%99%E6%A5%BC%E4%B8%BB%E4%BD%93%E9%92%A2%E7%BB%93%E6%9E%84%E5%9F%BA%E6%9C%AC%E5%AE%8C%E6%88%90%E5%8E%A6%E9%97%A8%E7%BF%94%E5%AE%89%E6%9C%BA%E5%9C%BA%E8%BF%8E%E4%BB%8A%E5%B9%B4%E9%A6%96%E4%B8%AA%E9%87%8C%E7%A8%8B%E7%A2%91%E8%8A%82%E7%82%B9/ar-AA1nd9gv
1082,中国经济智库,邓讷,中央级,https://zixun.jingjizk.net/370120.html
1107,网易视频,丁高洁,省部级,https://www.163.com/v/video/VEE1D77D0.html
1101,腾讯网,丁俊峰,省部级,https://news.qq.com/rain/a/20241011A09FF600
1116,网易,丁俊峰,省部级,https://www.163.com/dy/article/JE1QA0360530X1OV.html
1120,网易号,丁高洁,省部级,https://www.163.com/dy/article/JH1FCUBD0550TYQ0.html
1112,腾讯网,覃春晖,省部级,https://news.qq.com/rain/a/20241027A05Q2H00
1113,腾讯网,覃春晖,省部级,https://news.qq.com/rain/a/20241027A05Y6S00
1119,腾讯网,丁高洁,省部级,https://news.qq.com/rain/a/20241115A02MWY00
1118,南方工报,丁高洁,省部级,https://wap.nfgb.com.cn/h5/html5/2024-11/15/content_11_29633.htm?curr=
723,厦门日报,王亚坤,地市级,https://epaper.xmrb.com/xmrb/pad/con/202401/03/content_10278.html
724,厦门日报,陈志诚,地市级,https://epaper.xmrb.com/xmrb/pc/con/202401/02/content_10137.html
1152,广东头条网,王聪,省部级,http://gdtt.csxxb.cn/dce37/b0e31685546.html
1153,广东新闻网,王聪,省部级,http://csxxb.cn/e9c/MTQyNTg0OTc1.html
1155,广东之声,王聪,省部级,http://fzxinxi.cn/b9b/MTU4NDI3Nzc=.html
732,天眼查企业头条,姚瑞哲,行业,https://news.tianyancha.com/ll_wyi86x7pzm.html
757,中国日报网,吕昊临,中央级,https://cn.chinadaily.com.cn/a/202411/18/WS673b0d31a310b59111da411a.html
763,未来网,吕昊临,中央级,https://news.k618.cn/finance/money/202411/t20241118_19789438.html
1180,网易网,伍学铁,省部级,https://www.163.com/dy/article/JEITSKRT0534JJCG.html
767,中国日报网,吕昊临,中央级,https://cn.chinadaily.com.cn/a/202412/11/WS67595487a310b59111da844a.html
773,未来网,吕昊临,中央级,https://news.k618.cn/finance/money/202412/t20241211_19793597.html
1181,腾讯新闻,伍学铁,省部级,https://news.qq.com/rain/a/20241015A09QGG00?suid=&media_id=
1183,腾讯网,伍学铁,省部级,https://news.qq.com/rain/a/20240901A06ULS00
775,中国商报网,吕昊临,中央级,https://www.zgswcn.com/news.html?aid=237289
777,中华网,朱莹、邓讷,中央级,http://mtz.china.com/touzi/2024/1129/112024_143507.html
779,中国房产时报,朱莹、邓讷,中央级,http://www.chinahousetimes.com/n/info202431804.html
783,中国房产周刊,朱莹、邓讷,中央级,http://www.chinahouseweekly.com/article/202411info31896.html
785,中国发展时报,朱莹、邓讷,中央级,https://news.idayuanshuai.com/9790.html
1206,腾讯网,文承聪,省部级,https://new.qq.com/rain/a/20241020A04DY800
786,中国新闻头条,朱莹、邓讷,中央级,http://new.onetos.cn/guonei/3999.html
1208,腾讯网,文承聪,省部级,https://news.qq.com/rain/a/20241028A0532V00
1214,网易网,文承聪,省部级,https://www.163.com/dy/article/JGT5M8K50537AAUT.html
1213,腾讯网,文承聪,省部级,https://news.qq.com/rain/a/20241115A033Q700
801,未来网,蔡雯静,中央级,https://news.k618.cn/finance/money/202410/t20241008_19783305.html
828,广东门户网,吕昊临,省部级,http://www.xiaoxunet.cn/2024/111865342.html
1158,云南网,张美怡,省部级,https://health.yunnan.cn/system/2024/10/24/033278273.shtml
845,广东门户网,吕昊临,省部级,http://www.xiaoxunet.cn/2024/121165795.html
849,广东财经网,吕昊临,省部级,http://www.guangdong.ofinance.cn/html/202412179116.html
850,广东监理,吕昊临,省部级,https://news.scut.edu.cn/2024/1211/c41a56571/page.htm
851,华南理工大学,杨少波,省部级,http://news.scut.edu.cn/2024/1211/c41a56571/page.htm
1194,iProperty,赵琥珀,属地省部级,https://www.iproperty.com.my/news/tropicana-begins-construction-on-lido-waterfront-boulevard-in-johor-97365
1093,中国信息网,王亚坤,中央级,http://www.zgnews.com.cn/news/guonei/2024-10-23/37851.html
1190,PropertyGuru,赵琥珀,属地省部级,https://www.propertyguru.com.my/property-news/2024/11/212153/tropicana-begins-construction-on-lido-waterfront-boulevard-in-johor
1287,咸宁新闻网,张美怡,地市级,http://www.xnnews.com.cn/zxsd25178/sqdt/202410/t20241025_3780482.shtml
895,大马南洋通,赵琥珀,属地省部级,https://www.facebook.com/seatocmy/photos/
896,国复咨询,赵琥珀,属地省部级,https://news.goalfore.cn/topstories/detail/74752.html
903,福建人大网,文承聪,省部级,"https://www.fjrd.gov.cn/ct/4-190680#:~:text=11%E6%9C%8820%E6%97%A5%EF%BC%8C%E7%9C%81,%E4%B8%8A%E8%BF%88%E5%87%BA%E6%9B%B4%E5%A4%A7%E6%AD%A5%E4%BC%90%E3%80%82"
1187,Orientaldaily,赵琥珀,属地省部级,https://www.klsescreener.com/v2/news/view/1418055/%E4%B8%BD%E9%98%B3%E6%9C%BA%E6%9E%84%E6%9F%94%E4%BD%9B%E6%96%B0%E5%B7%A8%E4%BD%9C-lido-waterfront-boulevard%E4%BA%AE%E7%82%B9%E9%80%90%E4%B8%AA%E7%9C%8B
1432,中工网,邓讷,中央级,https://www.workercn.cn/c/2024-05-08/8247154.shtml
1436,未来网,迟立刚,中央级,https://news.k618.cn/finance/money/202404/t20240422_19758956.html
1441,中华建设网,迟立刚,中央级,https://www.zhjsw.cn/news/show-49713.html
1454,中国城市新闻网,王亚坤,中央级,http://cncity.hainanhk.cn/a351/1b2013207780.html
1459,中国信息报道,王亚坤、杨文彬,中央级,http://xinxibd.tsxxg.cn/62961/aa565414290.html
1450,中工网,董良好、张美怡,中央级,https://www.workercn.cn/c/2024-04-16/8222784.shtml
1193," Skypark Kepler",赵琥珀,属地省部级,https://www.yournewasiahome.com/skypark-kepler/
1472,南方工报,丁高洁,省部级,http://wap.nfgb.com.cn/html5/2024-04/18/content_14_24875.htm?curr=
1474,南方工报,丁高洁,省部级,http://www.nfgb.com.cn/zg/content/mpost_1239707.html
1476,南方工报,丁高洁,省部级,http://wap.nfgb.com.cn/html5/2024-04/25/content_15_25011.htm?curr=
1489,网易,覃春晖,省部级,https://www.163.com/v/video/VP105RIOO.html
1493,网易,覃春晖,省部级,https://www.163.com/dy/article/J1TSRV0Q0519D45U.html
1492,网易,覃春晖,省部级,https://www.163.com/dy/article/J1TV1IQG0519QIKK.html
1504,海南都市日报,邓讷,省部级,http://hndsrb.cn/5f3/Nzg0OTcyMDg=.html
1495,腾讯网,覃春晖,省部级,https://new.qq.com/rain/a/20240511A05O0600
1508,海南海口网,邓讷,省部级,http://hainanhk.cn/9da02/39f65414320.html
1512,海南新闻网,邓讷,省部级,http://binhaics.cn/450/Nzg0OTcxNjA=.html
1196,EdgeProp,赵琥珀,属地省部级,https://www.edgeprop.sg/property-news/best-both-worlds-skypark-kepler-offers-advanced-modern-living-superb%C2%A0connectivity
1518,海南都市日报,邓讷,省部级,http://hndsrb.cn/5f3/NzkwOTEyMzg=.html
1522,海南新闻网,邓讷,省部级,http://binhaics.cn/450/NzkwOTEyMDI=.html
1499,云南网,邓讷,省部级,http://society.yunnan.cn/system/2024/05/05/033039105.shtml
1532,南方工报（纸媒）,白占宝,省部级,
1531,南方工报,白占宝,省部级,http://wap.nfgb.com.cn/html5/2024-04/23/content_15_24950.htm?curr=
1530,南方工报,白占宝,省部级,http://www.nfgb.com.cn/zg/content/mpost_1239127.html
1544,福建都市网,王亚坤,省部级,http://fujian365.cn/68fb7/8f44105662224.html
1543,福建企业网,王亚坤,省部级,http://fj.jkwindows.cn/e10b/b8b92454453.html
1546,福建企业网,王亚坤、杨文彬,省部级,http://fj.jkwindows.cn/e10b/b8b91579985.html
1547,福建都市网,王亚坤、杨文彬,省部级,http://fujian365.cn/68fb7/8f44104662832.html
1548,福建企业网,戴美慧,省部级,http://fj.jkwindows.cn/e10b/b8b92494010.html
1550,福建发布,王亚坤,省部级,file:///D:/360MoveData/Users/风清扬/Documents/WeChat Files/wxid_a5gxaxx192tk22/FileStorage/Temp/06e74ad2076c3840634a54397768dcd.png
1549,福建都市网,戴美慧,省部级,http://fujian365.cn/68fb7/8f44105707432.html
1552,海峡导报,王亚坤,省部级,file:///D:/360MoveData/Users/风清扬/Documents/WeChat Files/wxid_a5gxaxx192tk22/FileStorage/Temp/fae18480f37860fb5847a5297a97d53.png
1555,海西晨报,王亚坤,省部级,file:///D:/360MoveData/Users/风清扬/Documents/WeChat Files/wxid_a5gxaxx192tk22/FileStorage/Temp/aaff891313288a44af25fd4a70dcf5b.png
1556,海西晨报,王亚坤,省部级,file:///D:/360MoveData/Users/风清扬/Documents/WeChat Files/wxid_a5gxaxx192tk22/FileStorage/Temp/00d11db46987be3e1e1f8ef2318529d.png
1535,南方工报,白占宝,省部级,http://www.nfgb.com.cn/zg/content/mpost_1241058.html
1558,网易新闻,王亚坤,省部级,https://www.163.com/dy/article/J0MK6F4S05565EU3.html
1539,腾讯网,张美怡,省部级,https://new.qq.com/rain/a/20240416A00ACK00
965,云浮通,刘芳,地市级,https://static.yftong.cn/content/202412/22/c86420.html?from=weChatMessage&colID=9&appversion=6300&firstColID=9&date=bnVsbA==&layer=2
1587,厦门综合广播,王亚坤,地市级,file:///D:/360MoveData/Users/风清扬/Documents/WeChat Files/wxid_a5gxaxx192tk22/FileStorage/Temp/9c984ab06042239d7c2f06e3dbeda5a.png
1588,厦门交通,王亚坤,地市级,file:///D:/360MoveData/Users/风清扬/Documents/WeChat Files/wxid_a5gxaxx192tk22/FileStorage/Temp/73cd20bb47be0f30e85ca57278b03b6.png
1591,厦门日报,王亚坤,地市级,file:///D:/360MoveData/Users/风清扬/Documents/WeChat Files/wxid_a5gxaxx192tk22/FileStorage/Temp/4ba02035cf719936442fba635d95be0.png
1044,招标网,马松涛,中央级,https://xm.zhaobiao.cn/project_v_886064.html
1593,厦门广电,王亚坤,地市级,file:///D:/360MoveData/Users/风清扬/Documents/WeChat Files/wxid_a5gxaxx192tk22/FileStorage/Temp/5eb3aacf596e671d6682a40c47b77b6.png
1595,厦门自贸区,王亚坤,地市级,file:///D:/360MoveData/Users/风清扬/Documents/WeChat Files/wxid_a5gxaxx192tk22/FileStorage/Temp/e2e26129a8535c92df78b6a78bb9e89.png
1563,新浪财经,文承聪,省部级,https://finance.sina.com.cn/jjxw/2024-04-16/doc-inaryssy2807451.shtm
1127,鲁网财经,马松涛,省部级,https://f.sdnews.com.cn/zwxx/202410/t20241030_4451387.htm
1634,全国基层党建网,刘楚逸,中央级,https://www.zgdj71.org.cn/yiyuandangjian/18202.html
1636,全国基层党建网,丁高洁,中央级,https://www.zgdj71.org.cn/zhonghebaodao/18286.html
1271,梅州市人民政府,伍学铁,地市级,https://www.meizhou.gov.cn/zwgk/gzdt/qxdt/content/post_2668866.html
1273,梅州日报,伍学铁,地市级,https://mzrb.meizhou.cn/html/2024-10/16/content_367555.htm
1665,中国企业新闻网,徐晓东,中央级,http://cnqiye.top/3aa/feb41556462.html
1669,中国城市新闻网,魏曼曼,中央级,http://cncity.hainanhk.cn/a351/1b2013675362.html
1672,中国信息报道,魏曼曼,中央级,http://xinxibd.tsxxg.cn/62961/aa568376825.html
1675,中国信息报道,王亚坤,中央级,http://xinxibd.tsxxg.cn/62961/aa574982150.html
1663,未来网,吕昊临,中央级,https://news.k618.cn/finance/money/202407/t20240711_19772618.html
1696,海南新闻网,邓讷,省部级,http://binhaics.cn/450/ODk3OTA0MDI=.html
1197,Linkedin,赵琥珀,属地省部级,https://www.linkedin.com/posts/edgeprop-malaysia_tropicana-unveils-lido-waterfront-boulevard-activity-7257951218306555906-9Hvs
1045,中国日报网,马松涛,中央级,https://cn.chinadaily.com.cn/a/202410/30/WS6721c8bca310b59111da0a87.html
1703,海南新闻网,邓讷,省部级,http://binhaics.cn/450/ODk3OTY0NTY=.html
1049,中国日报网,徐阳雷,中央级,https://cn.chinadaily.com.cn/a/202411/15/WS6736efe4a310b59111da39ac.html
1712,海南新闻网,邓讷,省部级,http://binhaics.cn/450/ODk3OTY1MjI=.html
1054,中国日报网,沈芳霞,中央级,https://cn.chinadaily.com.cn/a/202411/15/WS6736d803a310b59111da38b5.html
1062,中国商报网,沈芳霞,中央级,https://www.zgswcn.com/news.html?aid=230949
1724,广东头条网,吕昊临,省部级,http://gdtt.csxxb.cn/dce37/b0e29383310.html
1066,中国企业报道,邓讷,中央级,https://www.ceccen.com/qiyexinwenfabuhui/1577453317.html
1725,广东资讯网,吕昊临,省部级,http://syjinri.cn/529/MTMyMjI0OTA0.html
1726,广东新闻网,吕昊临,省部级,http://csxxb.cn/e9c/MTMyMjI0OTEz.html
1067,中国房产时报,邓讷,中央级,http://www.chinahousetimes.com/n/info202431800.html
1729,广东头条网,徐晓东,省部级,http://gdtt.csxxb.cn/dce37/b0e27704298.html
1732,广东新闻网,徐晓东,省部级,http://csxxb.cn/e9c/MTI0NjY5MzY4.html
1731,广东都市,徐晓东,省部级,http://lzdushi.cn/604/ODMxMTI5MDY=.html
1730,广东资讯网,徐晓东,省部级,http://syjinri.cn/529/MTI0NjY5MzUw.html
1737,网易新闻,魏曼曼,省部级,https://www.163.com/dy/article/J7FQQR0G0550AXYG.html
1079,中国经济报道,邓讷,中央级,https://cnews.org.cn/62/407162.html
1638,人民日报,丁高洁,中央级,https://www.peopleapp.com/column/30046218958-500005666489
1083,中企经济网,邓讷,中央级,http://www.zhongzq.vip/html/3-154/154803.htm
1084,中国日报网,张泽钲,中央级,https://cnews.chinadaily.com.cn/a/202410/24/WS671a0a4da310b59111d9fbc1.html
1736,腾讯网,魏曼曼,省部级,https://new.qq.com/rain/a/20240719A07MYH00
1746,广东头条网,徐晓东,省部级,http://gdtt.csxxb.cn/dce37/b0e30046508.html
1747,广东资讯网,徐晓东,省部级,http://syjinri.cn/529/MTM1MjA5Mjk1.html
1748,广东新闻网,徐晓东,省部级,http://csxxb.cn/e9c/MTM1MjA5MzA0.html
1094,中国产业新闻,王亚坤,中央级,http://www.xinyuecheng88.cn/xinwen/gundong/2024102311642.html
1095,中国报道,王亚坤,中央级,http://www.heiniqiu.cn/html/20241078152.html
1096,中国经济报道,王亚坤,中央级,http://eco.usidaily.com/guonei/4133.html
1753,广东之窗,徐晓东,省部级,http://gyjinri.cn/0409c/0c830046522.html
1752,广东之声,徐晓东,省部级,http://fzxinxi.cn/b9b/MTUwMjMyNjA=.html
1756,广东资讯网,徐晓东,省部级,http://syjinri.cn/529/MTM2NzI0Njc5.html
1757,广东新闻网,徐晓东,省部级,http://csxxb.cn/e9c/MTM2NzI0Njg4.html
1098,马来西亚中国报,赵琥珀,中央级,https://www.chinapress.com.my/20241113/%E6%9F%94%E4%BD%9B%E4%B8%BD%E9%83%BD%E6%B5%B7%E6%BB%A8%E5%A4%A7%E9%81%93%E9%A6%96%E6%9C%9F%E5%8F%91%E5%B1%95%E4%B8%BE%E8%A1%8C%E5%8A%A8%E5%9C%9F%E7%A4%BC/
1759,广东之声,徐晓东,省部级,http://fzxinxi.cn/b9b/MTUxOTE2MzQ=.html
1760,广东新闻网,魏曼曼,省部级,http://csxxb.cn/e9c/MTIzMDc4NjAw.html
1762,广东之声,魏曼曼,省部级,http://fzxinxi.cn/b9b/MTM2NzU0MDM=.html
1765,福建企业网,王亚坤,省部级,http://fj.jkwindows.cn/e10b/b8b107423218.html
1766,福建新闻网,王亚坤,省部级,http://fjxxw.top/ce9/MTUzNDYxNzM=.html
1767,福建企业网,王亚坤,省部级,http://fj.jkwindows.cn/e10b/b8b104975003.html
1768,福建新闻网,王亚坤,省部级,http://fjxxw.top/ce9/MTQ5OTY0Mjg=.html
1740,腾讯网,魏曼曼,省部级,https://new.qq.com/rain/a/20240610A07P9P00
1771,海西晨报,王亚坤,省部级,file:///D:/360MoveData/Users/风清扬/Documents/WeChat Files/wxid_a5gxaxx192tk22/FileStorage/Temp/e3ea42f7845434ac44829508a337b1f.jpg
1773,网易新闻,王亚坤,省部级,https://www.163.com/dy/article/J97GJNIT0514R9NP.html
1779,陕西在线,陈志诚,省部级,http://ccjinri.cn/fc894/e9475644805.html
1140,广东资讯网,沈芳霞,省部级,http://news.kuaibaos.cn/guonei/6160.html
1798,陕西在线,陈志诚,省部级,http://ccjinri.cn/fc894/e9475644765.html
1813,陕西在线,陈志诚,省部级,http://ccjinri.cn/fc894/e9475644785.html
1163,广东资讯网,张泽钲,省部级,http://news.kuaibaos.cn/shehui/5800.html
1560,东方资讯,王亚坤,省部级,https://mini.eastday.com/nsa/240425100210433443946.html?qid=02263&vqid=qid02650
1195,starproperty,赵琥珀,属地省部级,https://www.starproperty.my/news/property-news/tropicana-begins-construction-on-lido-waterfront-boulevard-in-johor-skypark-kepler/130114
1828,陕西在线,陈志诚,省部级,http://ccjinri.cn/fc894/e9475644735.html
1185,bmdam,赵琥珀,属地省部级,https://www.instagram.com/bmdam.org.my/p/DB1IxabOmSS/?img_index=1
1188,东方online,赵琥珀,属地省部级,https://www.orientaldaily.com.my/news/business/2024/11/01/690220
1198,yahoo news,赵琥珀,属地省部级,https://sg.news.yahoo.com/best-both-worlds-lido-waterfront-093000884.html
1199,KLCL,赵琥珀,属地省部级,https://www.pickastock.info/news?id=392866
1200,PICKASTOCK,赵琥珀,属地省部级,https://www.google.com/search?q=%E6%9F%94%E4%BD%9B%E4%B8%BD%E9%83%BD%E6%B5%B7%E6%BB%A8%E5%A4%A7%E9%81%93%E9%A6%96%E6%9C%9F%E5%8F%91%E5%B1%95%E4%B8%BE%E8%A1%8C%E5%8A%A8%E5%9C%9F%E7%A4%BC&sca_esv=9844c5af186a16ef&sxsrf=ADLYWII5aI8xYFhkto0reCKt4UKgdJdYFw:1732070084178&ei=xEo9Z-rMCtif4-EPj8iawAk&start=10&sa=N&sstk=ATObxK7U6HCXWGvDecH2mVaYDOxEOelWooi3cLz_pxXmIAns2bMqu2xni2bs9pBa8lt_Nb-9ea4sqwhQY393kype29soh7Lo5h5UxA&ved=2ahUKEwjqvt_w7-mJAxXYzzgGHQ-kBpgQ8tMDegQICBAE&biw=1470&bih=747&dpr=1#vhid=wi4IIF1m6bp_0M&vssid=_uks9Z_C_JeaR4-EP5tSBgA0_31
1203,大马南洋通,赵琥珀,属地省部级,https://www.facebook.com/seatocmy/photos/
1843,陕西在线,陈志诚,省部级,http://ccjinri.cn/fc894/e9475644715.html
1858,陕西在线,陈志诚,省部级,http://ccjinri.cn/fc894/e9475644625.html
1873,陕西在线,陈志诚,省部级,http://ccjinri.cn/fc894/e9475644605.html
1257,观点网,丁俊峰,地市级,https://www.guandian.cn/article/20241028/445141.html
1270,掌上梅州,伍学铁,地市级,https://y.meizhou.cn/meizhou/p/192251.html
1827,上海快讯网,陈志诚,省部级,http://sh.newstrackings.cc/guonei/2576.html
1888,陕西在线,陈志诚,省部级,http://ccjinri.cn/fc894/e9475643585.html
1288,云浮通,刘芳,地市级,https://static.yftong.cn/content/202411/01/c79790.html?from=weChatMessage&colID=9&appversion=6100&firstColID=9&date=bnVsbA==&layer=3
1903,陕西在线,陈志诚,省部级,http://ccjinri.cn/fc894/e9475643550.html
1814,陕西之声,陈志诚,省部级,http://shanxi.mlzgb.cn/fcb/MTM2MTYwNjIy.html
1298,深圳焦点网,张泽钲,地市级,http://sz.intenews.cn/guonei/1804.html
1918,陕西在线,陈志诚,省部级,http://ccjinri.cn/fc894/e9475638030.html
1735,腾讯网,魏曼曼,省部级,https://view.inews.qq.com/k/20240524A07ZG700
1299,深圳热线网,张泽钲,地市级,http://sz.motoidaily.com/shehui/6024.html
1933,陕西在线,陈志诚,省部级,http://ccjinri.cn/fc894/e9475636010.html
1948,陕西在线,陈志诚,省部级,http://ccjinri.cn/fc894/e9475635485.html
1963,陕西在线,陈志诚,省部级,http://ccjinri.cn/fc894/e9475635465.html
1551,福建卫视频道,王亚坤,省部级,https://headline.fjtv.net/haibo4/2024-04-25/5846395.html?_t=1714046029
1978,陕西在线,陈志诚,省部级,http://ccjinri.cn/fc894/e9475635445.html
1993,陕西在线,陈志诚,省部级,http://ccjinri.cn/fc894/e9475635425.html
2003,黄埔融媒,丁俊峰,地市级,
2007,我知网,丁高洁,地市级,
1327,广州头条网,沈芳霞,地市级,http://www.lyzelei.cn/2024/111565289.html
2029,来知识城呀,丁俊峰,地市级,
2039,花城视觉,李超美,地市级,
2106,厦门广电,王亚坤,地市级,file:///D:/360MoveData/Users/风清扬/Documents/WeChat Files/wxid_a5gxaxx192tk22/FileStorage/Temp/0124e33851656efff0268241dad1232.png
2138,观点机构,彭浩然,行业,https://www.163.com/dy/article/J6RHCDLD0519D45U.html
2140,和讯房产,廖文斌,行业,https://house.hexun.com/2024-07-11/213530619.html
2162,资深品牌人李亮,丁俊峰、任浩霖,行业,
2240,中国城市新闻网,刘芳,中央级,http://cncity.hainanhk.cn/a351/1b2016271646.html
2242,中国信息报道网,刘芳,中央级,http://xinxibd.tsxxg.cn/62961/aa581358240.html
2247,中华建设网,黄婵萍,中央级,https://www.zhjsw.cn/news/show-52601.html
2256,中国城市新闻网,刘芳,中央级,http://cncity.hainanhk.cn/a351/1b2016624102.html
2258,中国信息报道网,刘芳,中央级,http://xinxibd.tsxxg.cn/62961/aa583120525.html
2266,中国城市新闻网,廖继红,中央级,http://cncity.hainanhk.cn/a351/1b2016656780.html
2263,中华建设网,廖继红,中央级,https://www.zhjsw.cn/news/show-54099.html
2269,中华建设网,徐立军,中央级,https://www.zhjsw.cn/news/show-54097.html
1754,广东快报网,徐晓东,省部级,http://gd.eastkx.cn/399/f9045069786.html
2280,中华建设网,唐良桥,中央级,https://www.zhjsw.cn/jianshezhishu/show.php?itemid=2066
2290,网易号,杨晓晖,省部级,https://www.163.com/dy/article/JBLKDUG00514H8NQ.html
2251,中国企业网,黄婵萍,中央级,https://www.zqcn.com.cn/886/68084.html
2264,中国企业网,廖继红,中央级,https://www.zqcn.com.cn/135/73490.html
2289,腾讯网,杨晓晖,省部级,https://new.qq.com/rain/a/20240909A06CQI00
2184,人民日报,刘冠林,中央级,https://www.peopleapp.com/rmharticle/30046672292
1787,陕西热线,陈志诚,省部级,http://www.sx.hcpit.org/news/zm0g263.html
1788,陕西网,陈志诚,省部级,http://www.sx.hebgdhht.com/article/82d5y0n.html
1789,陕西文化网,陈志诚,省部级,http://www.sx.tv56.com.cn/p/52y2y2n.html
1790,陕西信息网,陈志诚,省部级,http://www.sx.0391xxw.cn/html/mzqzqzo.html
2307,腾讯网,丁俊峰,省部级,https://new.qq.com/rain/a/20240922A03F8300
1802,陕西热线,陈志诚,省部级,http://www.sx.hcpit.org/news/jg56vro.html
1803,陕西网,陈志诚,省部级,http://www.sx.hebgdhht.com/article/om4o3yy.html
2318,广东建设发布,丁俊峰,省部级,
1804,陕西文化网,陈志诚,省部级,http://www.sx.tv56.com.cn/p/9pzpzpm.html
2233,中国新闻在线,朱莹、邓讷,中央级,http://www.xwbwin.com/a/guona/20241008/93484.html
1805,陕西信息网,陈志诚,省部级,http://www.sx.0391xxw.cn/html/4252522.html
2330,网易号,杨晓晖,省部级,https://www.163.com/dy/article/JEFSTEPG055671ED.html
2305,网易号,丁俊峰,省部级,https://m.163.com/dy/article/JCMOEUAV0550AXYG.html
2335,广东资讯网,刘楚逸,省部级,http://syjinri.cn/529/MTQ1NzUzMjYz.html
2336,广东都市网,刘楚逸,省部级,http://lzdushi.cn/604/OTcxNjg4NDg=.html
2334,广东头条网,刘楚逸,省部级,http://gdtt.csxxb.cn/dce37/b0e32389612.html
2337,广东新闻网,刘楚逸,省部级,http://csxxb.cn/e9c/MTQ1NzUzMjgx.html
1817,陕西热线,陈志诚,省部级,http://www.sx.hcpit.org/news/g9p4vyk.html
2341,广东头条网,吕昊临,省部级,http://gdtt.csxxb.cn/dce37/b0e33024940.html
2342,广东资讯网,吕昊临,省部级,http://syjinri.cn/529/MTQ4NjEyMjM5.html
2343,广东都市网,吕昊临,省部级,http://lzdushi.cn/604/OTkwNzQ4MzI=.html
1818,陕西网,陈志诚,省部级,http://www.sx.hebgdhht.com/article/pdr5v6g.html
1819,陕西文化网,陈志诚,省部级,http://www.sx.tv56.com.cn/p/wopopoz.html
2323,腾讯网,杨晓晖,省部级,https://new.qq.com/rain/a/20241003A03GMT00
1820,陕西信息网,陈志诚,省部级,http://www.sx.0391xxw.cn/html/d2g2g2n.html
2328,腾讯网,杨晓晖,省部级,https://new.qq.com/rain/a/20241013A06AYK00
2329,腾讯网,杨晓晖,省部级,https://new.qq.com/rain/a/20241014A06URL00
2313,鲁网,刘冠林,省部级,https://f.sdnews.com.cn/syxx/202409/t20240923_4436418.htm
2273,人民政协网,唐良桥,中央级,https://www.rmzxb.com.cn/c/2024-09-29/3612409.shtml?n2m=1
2363,广东资讯网,徐立军,省部级,http://syjinri.cn/529/MTQ1OTY3NzMz.html
2362,广东头条网,徐立军,省部级,http://gdtt.csxxb.cn/dce37/b0e32437272.html
2364,广东新闻网,徐立军,省部级,http://csxxb.cn/e9c/MTQ1OTY3NzQy.html
2370,广东头条网,黄婵萍,省部级,http://gdtt.csxxb.cn/dce37/b0e30530808.html
2371,广东资讯网,黄婵萍,省部级,http://syjinri.cn/529/MTM3Mzg4NjQ1.html
2372,广东新闻网,黄婵萍,省部级,http://csxxb.cn/e9c/MTM3Mzg4NjU0.html
2375,广东之声,黄婵萍,省部级,http://fzxinxi.cn/b9b/MTUyNjU0MDk=.html
2382,广东头条网,徐立军,省部级,http://gdtt.csxxb.cn/dce37/b0e33248212.html
2383,广东新闻网,徐立军,省部级,http://csxxb.cn/e9c/MTQ5NjE2OTYz.html
2384,广东之声,徐立军,省部级,http://fzxinxi.cn/b9b/MTY2MjQxMDg=.html
2392,广东头条网,唐良桥,省部级,http://gdtt.csxxb.cn/dce37/b0e33025864.html
2393,广东都市,唐良桥,省部级,http://lzdushi.cn/604/OTkwNzc1OTg=.html
2394,广东新闻网,唐良桥,省部级,http://csxxb.cn/e9c/MTQ4NjE2NDA2.html
2252,中国市场调查网,黄婵萍,中央级,http://www.cmrn.cmsapis.com/view/article.aspx?noce_str=86e9f5c3-d93b-45f2-9edb-3e18b113453c&article_filepath=%2fcms%2f2024%2f08%2f05%2faeb0437c5d.shtml
2399,广东之声,唐良桥,省部级,http://fzxinxi.cn/b9b/MTY1MTI5NDA=.html
2386,南方工报,白占宝,省部级,http://wap.nfgb.com.cn/h5/html5/2024-10/09/content_15_28749.htm
2403,广东之窗,唐良桥,省部级,http://gyjinri.cn/0409c/0c833025890.html
2423,网易网,文承聪,省部级,https://www.163.com/dy/article/JDSQGKSM0514R9NP.html
2412,腾讯网,文承聪,省部级,https://new.qq.com/rain/a/20241009A0552N00
2413,腾讯网,文承聪,省部级,https://new.qq.com/rain/a/20241004A02F1T00
1832,陕西热线,陈志诚,省部级,http://www.sx.hcpit.org/news/dm3dvyn.html
1833,陕西网,陈志诚,省部级,http://www.sx.hebgdhht.com/article/wjz3q6z.html
1834,陕西文化网,陈志诚,省部级,http://www.sx.tv56.com.cn/p/6zgzgz3.html
2417,腾讯网,文承聪,省部级,https://new.qq.com/rain/a/20241007A018FK00
1835,陕西信息网,陈志诚,省部级,http://www.sx.0391xxw.cn/html/q2b2b24.html
2429,腾讯网,文承聪,省部级,https://news.qq.com/rain/a/20241015A02E4400
2424,云南网,文承聪,省部级,https://society.yunnan.cn/system/2024/10/07/033256472.shtml
1847,陕西热线,陈志诚,省部级,http://www.sx.hcpit.org/news/4vjgrq2.html
1848,陕西网,陈志诚,省部级,http://www.sx.hebgdhht.com/article/92wmkqm.html
1849,陕西文化网,陈志诚,省部级,http://www.sx.tv56.com.cn/p/vjgjgj0.html
1850,陕西信息网,陈志诚,省部级,http://www.sx.0391xxw.cn/html/b6j6j68.html
2460,腾讯网,杨晓晖,地市级,https://news.qq.com/rain/a/20240904A06E7500
2472,知识城我知晒,丁俊峰,地市级,
2489,知识城我知晒,丁俊峰,地市级,
2496,知识城ing,丁俊峰,地市级,
1862,陕西热线,陈志诚,省部级,http://www.sx.hcpit.org/news/y5kz56b.html
1863,陕西网,陈志诚,省部级,http://www.sx.hebgdhht.com/article/bo45omr.html
1864,陕西文化网,陈志诚,省部级,http://www.sx.tv56.com.cn/p/q2b2q3p.html
1865,陕西信息网,陈志诚,省部级,http://www.sx.0391xxw.cn/html/vjgjmn8.html
1877,陕西热线,陈志诚,省部级,http://www.sx.hcpit.org/news/vpnrpoz.html
1878,陕西网,陈志诚,省部级,http://www.sx.hebgdhht.com/article/bo45opr.html
1879,陕西文化网,陈志诚,省部级,http://www.sx.tv56.com.cn/p/b6j6vmy.html
1880,陕西信息网,陈志诚,省部级,http://www.sx.0391xxw.cn/html/ymnm462.html
1892,陕西热线,陈志诚,省部级,http://www.sx.hcpit.org/news/vpnrp2j.html
1893,陕西网,陈志诚,省部级,http://www.sx.hebgdhht.com/article/qw3zwvz.html
1894,陕西文化网,陈志诚,省部级,http://www.sx.tv56.com.cn/p/52y2mzv.html
2560,深圳热线,唐良桥,地市级,http://cnszrx.cn/ffc/MTQ4NjE2Mzcw.html
2561,深圳之窗,唐良桥,地市级,http://win.cnszrx.cn/06951/11ab132103496.html
1895,陕西信息网,陈志诚,省部级,http://www.sx.0391xxw.cn/html/mzqzbr5.html
2563,魅力深圳网,唐良桥,地市级,http://news.gzxxrb.cn/490a/147f16512952.html
2564,深圳报道网,唐良桥,地市级,http://info.guangzhoujr.cn/6c0/MTQ4NjE2NTc3.html
2565,深圳观察网,唐良桥,地市级,http://info.mdjrx.cn/11a9d/9571132103632.html
2566,深圳门户网,唐良桥,地市级,http://info.zgcsv.cn/9beca/96082564775.html
1907,陕西热线,陈志诚,省部级,http://www.sx.hcpit.org/news/r90doyr.html
1908,陕西网,陈志诚,省部级,http://www.sx.hebgdhht.com/article/33p8gnr.html
1909,陕西文化网,陈志诚,省部级,http://www.sx.tv56.com.cn/p/n2y2kbm.html
1910,陕西信息网,陈志诚,省部级,http://www.sx.0391xxw.cn/html/22j2bdq.html
1922,陕西热线,陈志诚,省部级,http://www.sx.hcpit.org/news/qw3zjbm.html
1923,陕西网,陈志诚,省部级,http://www.sx.hebgdhht.com/article/605jogk.html
1924,陕西文化网,陈志诚,省部级,http://www.sx.tv56.com.cn/p/8gjgko0.html
1925,陕西信息网,陈志诚,省部级,http://www.sx.0391xxw.cn/html/zdnd54o.html
2569,鲁网财经频道,唐良桥,地市级,https://f.sdnews.com.cn/syxx/202409/t20240929_4439708.htm
2592,AI万全harbor,丁俊峰,行业,
1937,陕西热线,陈志诚,省部级,http://www.sx.hcpit.org/news/82d5mkz.html
1939,陕西文化网,陈志诚,省部级,http://www.sx.tv56.com.cn/p/8gjgknr.html
1938,陕西网,陈志诚,省部级,http://www.sx.hebgdhht.com/article/zm0gk5y.html
1940,陕西信息网,陈志诚,省部级,http://www.sx.0391xxw.cn/html/zdnd5rq.html
2272,中国日报网,唐良桥,中央级,https://cnews.chinadaily.com.cn/a/202409/29/WS66f8e9b5a310b59111d9bec7.html
2562,深圳都市网,唐良桥,地市级,http://szdushi.top/c1c/0a549538832.html
1952,陕西热线,陈志诚,省部级,http://www.sx.hcpit.org/news/g9p4nby.html
1953,陕西网,陈志诚,省部级,http://www.sx.hebgdhht.com/article/pdr5p8v.html
1954,陕西文化网,陈志诚,省部级,http://www.sx.tv56.com.cn/p/g232b6d.html
1955,陕西信息网,陈志诚,省部级,http://www.sx.0391xxw.cn/html/p2n28k9.html
2610,广州民营科技园,李杰,行业,
2613,湾区财富通,丁俊峰,行业,
1967,陕西热线,陈志诚,省部级,http://www.sx.hcpit.org/news/53opj4o.html
1968,陕西网,陈志诚,省部级,http://www.sx.hebgdhht.com/article/om4ogkg.html
1969,陕西文化网,陈志诚,省部级,http://www.sx.tv56.com.cn/p/n2y2kvy.html
1970,陕西信息网,陈志诚,省部级,http://www.sx.0391xxw.cn/html/22j2bp3.html
1982,陕西热线,陈志诚,省部级,http://www.sx.hcpit.org/news/dm3dn62.html
1983,陕西网,陈志诚,省部级,http://www.sx.hebgdhht.com/article/mowpnyp.html
1985,陕西信息网,陈志诚,省部级,http://www.sx.0391xxw.cn/html/zdnd5o4.html
1984,陕西文化网,陈志诚,省部级,http://www.sx.tv56.com.cn/p/8gjgkz9.html
2640,学习强国,丁高洁,中央级,百灵·炫|广州举办粤港澳大湾区建设劳动和技能竞赛推进会 (xuexi.cn)
2642,光明日报,覃春晖,中央级,"
https://app.gmdaily.cn/as/opened/n/e64400096fb94537b74339e1a19fd3f5"
1997,陕西热线,陈志诚,省部级,http://www.sx.hcpit.org/news/605jom6.html
1998,陕西网,陈志诚,省部级,http://www.sx.hebgdhht.com/article/33p8gj0.html
1999,陕西文化网,陈志诚,省部级,http://www.sx.tv56.com.cn/p/22j2b8p.html
2000,陕西信息网,陈志诚,省部级,http://www.sx.0391xxw.cn/html/k2326nk.html
2637,南方工报,丁俊峰,中央级,http://wap.nfgb.com.cn/html5/2024-08/07/node_1.htm?v=1&curr=1
2638,南方工报,丁俊峰,中央级,https://wap.nfgb.com.cn/html5/2024-08/07/node_1.htm?v=1
2665,中国新闻在线,邓讷,中央级,http://www.xwbwin.com/a/guona/20240909/93221.html
2486,广州日报,杨晓晖,地市级,https://news.qq.com/rain/a/20241011A04MRW00
2703,广东省总工会,丁俊峰,省部级,
2706,粤工会,丁俊峰,省部级,
2691,中国经济智库,邓讷,中央级,https://zixun.jingjizk.net/350941.html
2668,中国品牌新闻网,邓讷,中央级,http://www.ppxw.net/kuaixun/20240909/4701.html
2633,人民日报,丁俊峰,中央级,https://www.peopleapp.com/column/30046145432-500005649109
2718,网易号,丁俊峰,省部级,https://m.163.com/dy/article/JCMOEUAV0550AXYG.html
2742,网易,刘楚逸,省部级,https://www.163.com/dy/article/JC2I09EP05563IC5.html
2720,腾讯网,丁俊峰,省部级,https://new.qq.com/rain/a/20240922A03F8300
2746,广东资讯网,刘楚逸,省部级,http://syjinri.cn/529/MTQ1NzUzMjYz.html
2747,广东都市网,刘楚逸,省部级,http://lzdushi.cn/604/OTcxNjg4NDg=.html
2745,广东头条网,刘楚逸,省部级,http://gdtt.csxxb.cn/dce37/b0e32389612.html
2748,广东新闻网,刘楚逸,省部级,http://csxxb.cn/e9c/MTQ1NzUzMjgx.html
2752,海南新闻网,邓讷,省部级,http://binhaics.cn/450/OTY1NzcxNTI=.html
2743,网易,刘楚逸,省部级,https://www.163.com/dy/article/JC2A3HHP0553KK27.html
2646,人民日报,刘冠林,中央级,https://www.peopleapp.com/rmharticle/30046672292
2764,广东资讯网,徐晓东,省部级,http://syjinri.cn/529/MTQwODgwODM0.html
2765,广东新闻网,徐晓东,省部级,http://csxxb.cn/e9c/MTQwODgwODQz.html
2736,腾讯新闻,覃春晖,省部级,https://new.qq.com/rain/a/20240804A07CCN00?suid=&media_id=
2770,广东头条网,吕昊临,省部级,http://gdtt.csxxb.cn/dce37/b0e30413610.html
2772,广东新闻网,吕昊临,省部级,http://csxxb.cn/e9c/MTM2ODYxMjYz.html
2771,广东资讯网,吕昊临,省部级,http://syjinri.cn/529/MTM2ODYxMjU0.html
2773,网易新闻,廖继红,省部级,https://www.163.com/dy/article/JAQ1L5220534JJCG.html
2781,广东资讯网,廖继红,省部级,http://syjinri.cn/529/MTQzNjczODEz.html
2780,广东头条网,廖继红,省部级,http://gdtt.csxxb.cn/dce37/b0e31927512.html
2784,广东都市,廖继红,省部级,http://lzdushi.cn/604/OTU3ODI1NTQ=.html
2783,广东新闻网,廖继红,省部级,http://csxxb.cn/e9c/MTQzNjczODQw.html
2811,新快网,覃春晖,地市级,"
https://www.xkb.com.cn/articleDetail/322915"
2207,中国日报网,吕昊临,中央级,https://cnews.chinadaily.com.cn/a/202410/08/WS6704fb21a310b59111d9cf1c.html
2073,江西网络广播电视台,刘楚逸,地市级,https://cn.chinadaily.com.cn/a/202408/07/WS66b3391fa310054d254ebdb8.html
2877,我知网,丁俊峰,行业,
2878,我知网,彭浩然,行业,
2879,我知网,丁高洁,行业,
2850,梅州日报,廖继红,地市级,https://mzrb.meizhou.cn/html/2024-09/01/content_364225.htm
2887,住宅法务网,丁俊峰,行业,http://zhuz.fwfw.org.cn/show-59847.html
2448,住宅法务网,丁俊峰,地市级,http://zhuz.fwfw.org.cn/show-59847.html
2924,全国基层党建网,丁高洁,中央级,https://www.zgdj71.org.cn/zhonghebaodao/17136.html
2930,中工网,沈芳霞,中央级,https://www.workercn.cn/c/2024-06-27/8292177.shtml
2975,中国信息报道网,王亚坤,中央级,http://xinxibd.tsxxg.cn/62961/aa573887395.html
2980,中国城市新闻网,王亚坤,中央级,http://cncity.hainanhk.cn/a351/1b2014145726.html
2994,中华建设网,赵琥珀,中央级,https://www.zhjsw.cn/news/show-51375.html
3003,网易,张泽,省部级,https://www.163.com/dy/article/J505E7GF0515U01J.html
2987,中国网,王亚坤,中央级,http://life.china.com.cn/gonggao/zixun/detail2_2024_06/20/4427831.html
2662,中国文促网,邓讷,中央级,http://www.eco-gecpa.net/news/2024/0909/2167.html
2943,人民日报,廖文斌,中央级,https://www.peopleapp.com/column/30045797831-500005575083
3026,网易,张泽,省部级,https://www.163.com/dy/article/J5MHAV3D0550AXYG.html
3028,网易,张泽,省部级,https://www.163.com/dy/article/J5MB91D60514A1CA.html
3021,南方工报,沈芳霞,省部级,http://wap.nfgb.com.cn/html5/2024-06/27/content_14_26505.htm?curr=
3040,网易,张泽,省部级,https://www.163.com/dy/article/J5MU4R680519D45U.html
3041,网易,张泽,省部级,https://www.163.com/dy/article/J5MJ0PLA0514G11E.html
3049,网易网,张泽,省部级,https://www.163.com/dy/article/J5NO5S3M05129QAF.html
3042,腾讯网,张泽,省部级,https://new.qq.com/rain/a/20240627A03NLS00
3058,网易,张泽,省部级,https://www.163.com/dy/article/J5PPE7BG0519C7QE.html
3066,网易,张泽,省部级,https://www.163.com/dy/article/J5U572UB0514R9NP.html
3085,网易网,丁俊峰,省部级,https://www.163.com/dy/article/J6823CQM0530X1OV.html
3086,网易网,丁俊峰,省部级,https://www.163.com/dy/article/J67E91CI0519D45U.html
3088,网易网,丁俊峰,省部级,https://www.163.com/dy/article/J68T7VJ40514R9KQ.html
3095,网易,丁俊峰,省部级,https://www.163.com/dy/article/J69C0C6S0530X1OV.html
3102,网易,廖文斌,省部级,https://www.163.com/dy/article/J6OMAS6P05129QAF.html
3106,网易,廖文斌,省部级,https://www.163.com/dy/article/J6P6DDAM0550AXYG.html
2213,中国日报网,马松涛,中央级,https://cn.chinadaily.com.cn/a/202410/12/WS670a411fa310b59111d9daf2.html
3113,网易,廖文斌,省部级,https://www.163.com/dy/article/J6RCGGS50519D45U.html
3092,腾讯网,丁俊峰,省部级,https://new.qq.com/rain/a/20240704A04YXX00
3090,腾讯网,丁俊峰,省部级,https://new.qq.com/rain/a/20240704A02ETG00
3116,腾讯网,廖文斌,省部级,https://new.qq.com/rain/a/20240710A0A0Q600
3119,腾讯,廖文斌,省部级,https://new.qq.com/rain/a/20240711A08JW700
3140,海南新闻网,邓讷,省部级,http://binhaics.cn/450/ODU2MTM1OTI=.html
3144,海南海口网,邓讷,省部级,http://hainanhk.cn/9da02/39f71344680.html
3091,齐鲁网,丁俊峰,省部级,http://news.iqilu.com/china/gedi/2024/0704/5679531.shtml
3148,海南都市日报,邓讷,省部级,http://hndsrb.cn/5f3/ODU2MTM2NDA=.html
3126,腾讯网,廖文斌,省部级,https://new.qq.com/rain/a/20240711A04OTA00
3183,广东新闻网,吕昊临,省部级,http://csxxb.cn/e9c/MTI4MzY1NTk2.html
3182,广东资讯网,吕昊临,省部级,http://syjinri.cn/529/MTI4MzY1NTg3.html
3179,网易新闻,白占宝,省部级,https://www.163.com/dy/article/J5F4FH440552JQ8A.html
3193,广东头条网,程维格,省部级,http://gdtt.csxxb.cn/dce37/b0e28971214.html
3194,广东资讯网,程维格,省部级,http://syjinri.cn/529/MTMwMzcwNDcy.html
3196,广东都市,程维格,省部级,http://lzdushi.cn/604/ODY5MTM2NjA=.html
3156,云南网,邓讷,省部级,http://society.yunnan.cn/system/2024/06/21/033110477.shtml
3158,云南网,邓讷,省部级,https://m.yunnan.cn/system/2024/06/26/033118032.shtml
3197,广东新闻网,程维格,省部级,http://csxxb.cn/e9c/MTMwMzcwNDk5.html
3203,广东头条网,徐晓东,省部级,http://gdtt.csxxb.cn/dce37/b0e29019074.html
3204,广东资讯网,徐晓东,省部级,http://syjinri.cn/529/MTMwNTg1ODQy.html
3168,南方工报,白占宝,省部级,http://wap.nfgb.com.cn/html5/2024-06/21/content_15_26352.htm
3206,广东都市,徐晓东,省部级,http://lzdushi.cn/604/ODcwNTcyNDA=.html
3207,广东新闻网,徐晓东,省部级,http://csxxb.cn/e9c/MTMwNTg1ODY5.html
3213,福建新闻网,王亚坤,省部级,http://fjxxw.top/ce9/MTQ3Nzc0NzY=.html
3212,福建企业网,王亚坤,省部级,http://fj.jkwindows.cn/e10b/b8b103442339.html
3169,南方工报纸媒,白占宝,省部级,http://wap.nfgb.com.cn/html5/2024-06/21/node_15.htm?curr=0
3217,海西晨报,王亚坤,省部级,file:///D:/360MoveData/Users/风清扬/Documents/WeChat Files/wxid_a5gxaxx192tk22/FileStorage/Temp/17fab99a27f15861e8cd1b17c10f156.png
3171,南方工报纸媒,白占宝,省部级,http://wap.nfgb.com.cn/html5/2024-06/25/node_12.htm
3170,南方工报,白占宝,省部级,http://wap.nfgb.com.cn/html5/2024-06/25/content_12_26446.htm
3233,网易,文承聪,省部级,https://www.163.com/dy/article/J611IV8C0514R9KQ.html
3221,海博TV,文承聪,省部级,https://www.fjtv.net/haibo4/haibo5/folder8565/folder8568/2024-07-01/5979173.html?_t=1719840149#_hgOutLink=news/NewsDetail&id=5979173
3255,湛江日报,李辉,地市级,
3227,福建省电视台,文承聪,省部级,https://www.fjtv.net/haibo4/folder335/2024-07-04/5985031.html?_t=1720072942
3229,腾讯网,文承聪,省部级,https://new.qq.com/rain/a/20240701A044QA00
3232,海西晨报,文承聪,省部级,https://new.qq.com/rain/a/20240702A017FB00
3228,福建网络广播电视台,文承聪,省部级,https://www.fjtv.net/folder335/2024-07-01/5978580.html
3286,佛山好房子,张泽,地市级,https://www.douyin.com/note/7385085227212836105
2456,知识城集团,刘冠林,地市级,https://www.kci-gz.com/cn/newstrends/20240923/2393.html
3349,来知识城呀,丁俊峰,地市级,
3350,知识城发展,丁俊峰,地市级,
3351,知识城发展,丁俊峰,地市级,
3353,冲哥说产业招商,丁俊峰,地市级,
3374,黄埔生活汇,丁俊峰,地市级,
3392,和讯房产,廖文斌,地市级,https://house.hexun.com/2024-07-11/213530672.html
2617,同花顺财经,马松涛,行业,http://news.10jqka.com.cn/20241012/c662359694.shtml
2687,中国新时代公益,邓讷,中央级,http://gongyi.dangdaicn.cn/html/daguan/2822.html
3441,顺德融媒,容桂水厂,地市级,https://content.foshanplus.com/newsDetails.html?newsId=873735&memberId=2128417&utm_source=fsios&utm_medium=news&utm_campaign=context&utm_term=873735&utm_belong1=2128417
3490,睿思网,张泽,行业,http://app.myzaker.com/news/article.php?pk=667d16078e9f093f7609ff69
3500,剑指十方,丁俊峰,行业,
3501,Real.Estate.Agent.in.Guangzhou,丁俊峰,行业,
3502,Evellllllyn,丁俊峰,行业,
3327,湛江市第二中医医院,李辉,地市级,https://www.zjshtcm.com/xinwendongtai/yiyuandongtai/1534.html
3238,福建省商务厅,文承聪,省部级,https://swt.fujian.gov.cn/xxgk/jgzn/jgcs/kgc/gzdt/202407/t20240710_6481694.htm
2929,凤凰网,张泽,中央级,https://ishare.ifeng.com/c/s/v002Mqgpd3gQVNQI0CCkLlkN0--vr--AMY6Bi5hVIIcGPxW98__
2936,凤凰网,丁俊峰,中央级,https://tech.ifeng.com/c/8avTdU87Zrn
2937,凤凰网,丁俊峰,中央级,https://auto.ifeng.com/c/8avTdU87Zrn
2941,中新网,丁俊峰,中央级,http://wap.chinanews.com/wap/detail/chs/zw/10245559.shtml
3535,中国民用航空网,文承聪,行业,https://www.ccaonline.cn/newsflashes/968001.html
2971,国务院国资委,分公司总部,中央级,http://www.sasac.gov.cn/n2588025/n13790238/n16406218/c31099967/content.html
2972,凤凰网,白占宝,中央级,https://ishare.ifeng.com/c/s/8afa2RrZi32
3001,环球旅讯,文承聪,中央级,https://www.traveldaily.cn/express/182743
3007,广东省科学技术厅,张泽,省部级,http://gdstc.gd.gov.cn/kjzx_n/gdkj_n/content/post_4443246.html
3015,光厂,覃春晖,省部级,https://www.vjshi.com/watch/30037718.html
3024,广东省人民政府,张泽,省部级,http://www.gd.gov.cn/gdywdt/zwzt/ygadwq/rlt/content/post_4446187.html
3031,天眼查,张泽,省部级,https://mnews.tianyancha.com/ll_3es4rpipvo.html
3051,凤凰网,张泽,省部级,https://foshan.ifeng.com/c/8akh43q23rd
3052,个人图书馆,张泽,省部级,http://www.360doc.com/content/24/0627/22/72395255_1127314093.shtml
3067,房天下,张泽,省部级,https://cq.news.fang.com/open/50507088.html
3155,琼海视窗,邓讷,省部级,http://qhscw.com.cn/c64/ODU2MTM2ODI=.html
3177,腾讯网,白占宝,省部级,https://page.om.qq.com/page/OfVN1DXAQyWJuRnRDI8OHs8w0
3188,腾讯网,郑石慧,省部级,https://page.om.qq.com/page/OdNRAWNrG8yQa9eF2f7ibj6w0
3190,腾讯网,程维格,省部级,https://page.om.qq.com/page/Op0NlbMRhnsGoYVxQ09Zh00w0
3246,华澳星空网,张泽,地市级,https://www.sports.cn/cydt/gldt/2024/0620/605934.html
3245,佛山乐居网,张泽,地市级,https://fs.leju.com/news/2024-06-19/16447209113912061775527.shtml
3414,广州市城市更新协会,廖文斌,地市级,http://www.gzcsgxxh.org.cn/page131.html?article_id=1372
3292,佛山乐居网,张泽,地市级,https://fs.leju.com/news/2024-06-27/10167211915208338754607.shtml
3293,乐居买房,张泽,地市级,https://m.leju.com/fs/news/7211915208338754607.html
3294,顺德plus,张泽,地市级,http://shundeplus.shundecity.com/phone/index/article/id/205000.html
3312,房天下,张泽,地市级,https://hs.news.fang.com/open/50507088.html
3363,黄埔楼市吉屋网,丁俊峰,地市级,https://gzhuangpu.jiwu.com/news/5627399.html
3370,今日专题,张泽,地市级,https://mobile.zhuanti.cc/topic/a_5bGx5aeG5Lya5ZGY5bqX5L2b5bGx6aaW5bqX6JC95Zyw6aG65b635aSn6Imv
